geoid,geoname,year,cvap_est
04000US01,Alabama,2004,3387950.0
04000US02,Alaska,2004,467404.0
04000US04,Arizona,2004,3785248.0
04000US05,Arkansas,2004,2039974.0
04000US06,California,2004,20898047.0
04000US08,Colorado,2004,3124213.0
04000US09,Connecticut,2004,2438647.0
04000US10,Delaware,2004,603507.0
04000US11,District of Columbia,2004,400115.0
04000US12,Florida,2004,11774537.0
04000US13,Georgia,2004,6144484.0
04000US15,Hawaii,2004,895883.0
04000US16,Idaho,2004,982484.0
04000US17,Illinois,2004,8604470.0
04000US18,Indiana,2004,4535474.0
04000US19,Iowa,2004,2179579.0
04000US20,Kansas,2004,1953440.0
04000US21,Kentucky,2004,3126714.0
04000US22,Louisiana,2004,3164912.0
04000US23,Maine,2004,1011899.0
04000US24,Maryland,2004,3826017.0
04000US25,Massachusetts,2004,4457025.0
04000US26,Michigan,2004,7187912.0
04000US27,Minnesota,2004,3663664.0
04000US28,Mississippi,2004,2107428.0
04000US29,Missouri,2004,4297867.0
04000US30,Montana,2004,710178.0
04000US31,Nebraska,2004,1246709.0
04000US32,Nevada,2004,1539904.0
04000US33,New Hampshire,2004,960021.0
04000US34,New Jersey,2004,5707140.0
04000US35,New Mexico,2004,1331560.0
04000US36,New York,2004,12765539.0
04000US37,North Carolina,2004,6194596.0
04000US38,North Dakota,2004,470815.0
04000US39,Ohio,2004,8449105.0
04000US40,Oklahoma,2004,2558352.0
04000US41,Oregon,2004,2534182.0
04000US42,Pennsylvania,2004,9362401.0
04000US72,Puerto Rico,2004,2877460.0
04000US44,Rhode Island,2004,747016.0
04000US45,South Carolina,2004,3094944.0
04000US46,South Dakota,2004,572202.0
04000US47,Tennessee,2004,4397259.0
04000US48,Texas,2004,13940910.0
04000US49,Utah,2004,1569446.0
04000US50,Vermont,2004,477126.0
04000US51,Virginia,2004,5334354.0
04000US53,Washington,2004,4306031.0
04000US54,West Virginia,2004,1437213.0
04000US55,Wisconsin,2004,4083099.0
04000US56,Wyoming,2004,390469.0
04000US01,Alabama,2005,3412336.0
04000US02,Alaska,2005,473006.0
04000US04,Arizona,2005,3869512.0
04000US05,Arkansas,2005,2053308.0
04000US06,California,2005,21262289.0
04000US08,Colorado,2005,3194858.0
04000US09,Connecticut,2005,2452791.0
04000US10,Delaware,2005,611999.0
04000US11,District of Columbia,2005,409407.0
04000US12,Florida,2005,12018105.0
04000US13,Georgia,2005,6236790.0
04000US15,Hawaii,2005,906479.0
04000US16,Idaho,2005,999810.0
04000US17,Illinois,2005,8642617.0
04000US18,Indiana,2005,4564262.0
04000US19,Iowa,2005,2190868.0
04000US20,Kansas,2005,1964016.0
04000US21,Kentucky,2005,3144764.0
04000US22,Louisiana,2005,3190004.0
04000US23,Maine,2005,1015938.0
04000US24,Maryland,2005,3863290.0
04000US25,Massachusetts,2005,4499244.0
04000US26,Michigan,2005,7210094.0
04000US27,Minnesota,2005,3695114.0
04000US28,Mississippi,2005,2117931.0
04000US29,Missouri,2005,4322276.0
04000US30,Montana,2005,718055.0
04000US31,Nebraska,2005,1256136.0
04000US32,Nevada,2005,1576470.0
04000US33,New Hampshire,2005,967036.0
04000US34,New Jersey,2005,5743047.0
04000US35,New Mexico,2005,1344829.0
04000US36,New York,2005,12845295.0
04000US37,North Carolina,2005,6296452.0
04000US38,North Dakota,2005,478673.0
04000US39,Ohio,2005,8477661.0
04000US40,Oklahoma,2005,2580764.0
04000US41,Oregon,2005,2572605.0
04000US42,Pennsylvania,2005,9396816.0
04000US72,Puerto Rico,2005,2859406.0
04000US44,Rhode Island,2005,750426.0
04000US45,South Carolina,2005,3147845.0
04000US46,South Dakota,2005,577493.0
04000US47,Tennessee,2005,4445039.0
04000US48,Texas,2005,14266181.0
04000US49,Utah,2005,1603463.0
04000US50,Vermont,2005,478693.0
04000US51,Virginia,2005,5399247.0
04000US53,Washington,2005,4377529.0
04000US54,West Virginia,2005,1438211.0
04000US55,Wisconsin,2005,4105503.0
04000US56,Wyoming,2005,394338.0
04000US01,Alabama,2006,3436722.0
04000US02,Alaska,2006,478609.0
04000US04,Arizona,2006,3953776.0
04000US05,Arkansas,2006,2066643.0
04000US06,California,2006,21626530.0
04000US08,Colorado,2006,3265504.0
04000US09,Connecticut,2006,2466935.0
04000US10,Delaware,2006,620492.0
04000US11,District of Columbia,2006,418699.0
04000US12,Florida,2006,12261673.0
04000US13,Georgia,2006,6329096.0
04000US15,Hawaii,2006,917076.0
04000US16,Idaho,2006,1017136.0
04000US17,Illinois,2006,8680765.0
04000US18,Indiana,2006,4593050.0
04000US19,Iowa,2006,2202156.0
04000US20,Kansas,2006,1974592.0
04000US21,Kentucky,2006,3162815.0
04000US22,Louisiana,2006,3215097.0
04000US23,Maine,2006,1019977.0
04000US24,Maryland,2006,3900563.0
04000US25,Massachusetts,2006,4541464.0
04000US26,Michigan,2006,7232276.0
04000US27,Minnesota,2006,3726564.0
04000US28,Mississippi,2006,2128434.0
04000US29,Missouri,2006,4346686.0
04000US30,Montana,2006,725931.0
04000US31,Nebraska,2006,1265563.0
04000US32,Nevada,2006,1613035.0
04000US33,New Hampshire,2006,974051.0
04000US34,New Jersey,2006,5778955.0
04000US35,New Mexico,2006,1358098.0
04000US36,New York,2006,12925050.0
04000US37,North Carolina,2006,6398308.0
04000US38,North Dakota,2006,486530.0
04000US39,Ohio,2006,8506218.0
04000US40,Oklahoma,2006,2603177.0
04000US41,Oregon,2006,2611027.0
04000US42,Pennsylvania,2006,9431231.0
04000US72,Puerto Rico,2006,2841352.0
04000US44,Rhode Island,2006,753835.0
04000US45,South Carolina,2006,3200745.0
04000US46,South Dakota,2006,582784.0
04000US47,Tennessee,2006,4492819.0
04000US48,Texas,2006,14591453.0
04000US49,Utah,2006,1637479.0
04000US50,Vermont,2006,480260.0
04000US51,Virginia,2006,5464139.0
04000US53,Washington,2006,4449026.0
04000US54,West Virginia,2006,1439209.0
04000US55,Wisconsin,2006,4127907.0
04000US56,Wyoming,2006,398208.0
04000US01,Alabama,2007,3430110.0
04000US02,Alaska,2007,479940.0
04000US04,Arizona,2007,4087550.0
04000US05,Arkansas,2007,2067620.0
04000US06,California,2007,21942930.0
04000US08,Colorado,2007,3364440.0
04000US09,Connecticut,2007,2460490.0
04000US10,Delaware,2007,623675.0
04000US11,District of Columbia,2007,430110.0
04000US12,Florida,2007,12534075.0
04000US13,Georgia,2007,6475880.0
04000US15,Hawaii,2007,907520.0
04000US16,Idaho,2007,1036205.0
04000US17,Illinois,2007,8733405.0
04000US18,Indiana,2007,4607965.0
04000US19,Iowa,2007,2206630.0
04000US20,Kansas,2007,1983025.0
04000US21,Kentucky,2007,3174290.0
04000US22,Louisiana,2007,3229245.0
04000US23,Maine,2007,1019490.0
04000US24,Maryland,2007,3933010.0
04000US25,Massachusetts,2007,4621480.0
04000US26,Michigan,2007,7327820.0
04000US27,Minnesota,2007,3761630.0
04000US28,Mississippi,2007,2125340.0
04000US29,Missouri,2007,4370000.0
04000US30,Montana,2007,728995.0
04000US31,Nebraska,2007,1268685.0
04000US32,Nevada,2007,1625605.0
04000US33,New Hampshire,2007,986395.0
04000US34,New Jersey,2007,5812475.0
04000US35,New Mexico,2007,1348770.0
04000US36,New York,2007,13106000.0
04000US37,North Carolina,2007,6458600.0
04000US38,North Dakota,2007,488835.0
04000US39,Ohio,2007,8563320.0
04000US40,Oklahoma,2007,2602315.0
04000US41,Oregon,2007,2663100.0
04000US42,Pennsylvania,2007,9411475.0
04000US72,Puerto Rico,2007,2876115.0
04000US44,Rhode Island,2007,759500.0
04000US45,South Carolina,2007,3241215.0
04000US46,South Dakota,2007,591065.0
04000US47,Tennessee,2007,4534360.0
04000US48,Texas,2007,14896395.0
04000US49,Utah,2007,1703980.0
04000US50,Vermont,2007,479715.0
04000US51,Virginia,2007,5498720.0
04000US53,Washington,2007,4533605.0
04000US54,West Virginia,2007,1414320.0
04000US55,Wisconsin,2007,4155115.0
04000US56,Wyoming,2007,389900.0
04000US01,Alabama,2008,3481375.0
04000US02,Alaska,2008,483060.0
04000US04,Arizona,2008,4110890.0
04000US05,Arkansas,2008,2090150.0
04000US06,California,2008,22329320.0
04000US08,Colorado,2008,3403805.0
04000US09,Connecticut,2008,2493095.0
04000US10,Delaware,2008,638160.0
04000US11,District of Columbia,2008,435875.0
04000US12,Florida,2008,12812525.0
04000US13,Georgia,2008,6476090.0
04000US15,Hawaii,2008,941595.0
04000US16,Idaho,2008,1056005.0
04000US17,Illinois,2008,8717365.0
04000US18,Indiana,2008,4649340.0
04000US19,Iowa,2008,2222850.0
04000US20,Kansas,2008,1989385.0
04000US21,Kentucky,2008,3189845.0
04000US22,Louisiana,2008,3241185.0
04000US23,Maine,2008,1029240.0
04000US24,Maryland,2008,3964250.0
04000US25,Massachusetts,2008,4602185.0
04000US26,Michigan,2008,7266065.0
04000US27,Minnesota,2008,3783730.0
04000US28,Mississippi,2008,2146420.0
04000US29,Missouri,2008,4384195.0
04000US30,Montana,2008,742845.0
04000US31,Nebraska,2008,1284815.0
04000US32,Nevada,2008,1701525.0
04000US33,New Hampshire,2008,987480.0
04000US34,New Jersey,2008,5838035.0
04000US35,New Mexico,2008,1383780.0
04000US36,New York,2008,13004815.0
04000US37,North Carolina,2008,6607030.0
04000US38,North Dakota,2008,503755.0
04000US39,Ohio,2008,8547605.0
04000US40,Oklahoma,2008,2647105.0
04000US41,Oregon,2008,2692195.0
04000US42,Pennsylvania,2008,9475230.0
04000US72,Puerto Rico,2008,2754345.0
04000US44,Rhode Island,2008,761675.0
04000US45,South Carolina,2008,3312715.0
04000US46,South Dakota,2008,590645.0
04000US47,Tennessee,2008,4582660.0
04000US48,Texas,2008,15276965.0
04000US49,Utah,2008,1696060.0
04000US50,Vermont,2008,481700.0
04000US51,Virginia,2008,5578950.0
04000US53,Washington,2008,4593030.0
04000US54,West Virginia,2008,1440480.0
04000US55,Wisconsin,2008,4160995.0
04000US56,Wyoming,2008,405100.0
04000US01,Alabama,2009,3514600.0
04000US02,Alaska,2009,493715.0
04000US04,Arizona,2009,4197365.0
04000US05,Arkansas,2009,2108930.0
04000US06,California,2009,22684535.0
04000US08,Colorado,2009,3471375.0
04000US09,Connecticut,2009,2510770.0
04000US10,Delaware,2009,646475.0
04000US11,District of Columbia,2009,444270.0
04000US12,Florida,2009,12998250.0
04000US13,Georgia,2009,6588330.0
04000US15,Hawaii,2009,950710.0
04000US16,Idaho,2009,1072405.0
04000US17,Illinois,2009,8772705.0
04000US18,Indiana,2009,4683715.0
04000US19,Iowa,2009,2236865.0
04000US20,Kansas,2009,2004205.0
04000US21,Kentucky,2009,3215270.0
04000US22,Louisiana,2009,3283855.0
04000US23,Maine,2009,1034115.0
04000US24,Maryland,2009,3999825.0
04000US25,Massachusetts,2009,4645085.0
04000US26,Michigan,2009,7275980.0
04000US27,Minnesota,2009,3817575.0
04000US28,Mississippi,2009,2160090.0
04000US29,Missouri,2009,4415175.0
04000US30,Montana,2009,751240.0
04000US31,Nebraska,2009,1295600.0
04000US32,Nevada,2009,1735710.0
04000US33,New Hampshire,2009,995220.0
04000US34,New Jersey,2009,5876010.0
04000US35,New Mexico,2009,1403030.0
04000US36,New York,2009,13095670.0
04000US37,North Carolina,2009,6723620.0
04000US38,North Dakota,2009,509670.0
04000US39,Ohio,2009,8578455.0
04000US40,Oklahoma,2009,2674560.0
04000US41,Oregon,2009,2727060.0
04000US42,Pennsylvania,2009,9536600.0
04000US72,Puerto Rico,2009,2759510.0
04000US44,Rhode Island,2009,763415.0
04000US45,South Carolina,2009,3367235.0
04000US46,South Dakota,2009,596990.0
04000US47,Tennessee,2009,4636730.0
04000US48,Texas,2009,15583700.0
04000US49,Utah,2009,1733630.0
04000US50,Vermont,2009,485060.0
04000US51,Virginia,2009,5654730.0
04000US53,Washington,2009,4667050.0
04000US54,West Virginia,2009,1446685.0
04000US55,Wisconsin,2009,4189215.0
04000US56,Wyoming,2009,411720.0
04000US01,Alabama,2010,3544660.0
04000US02,Alaska,2010,503360.0
04000US04,Arizona,2010,4285735.0
04000US05,Arkansas,2010,2126800.0
04000US06,California,2010,23072670.0
04000US08,Colorado,2010,3541580.0
04000US09,Connecticut,2010,2529370.0
04000US10,Delaware,2010,655780.0
04000US11,District of Columbia,2010,454205.0
04000US12,Florida,2010,13207185.0
04000US13,Georgia,2010,6693990.0
04000US15,Hawaii,2010,962795.0
04000US16,Idaho,2010,1087265.0
04000US17,Illinois,2010,8826635.0
04000US18,Indiana,2010,4712810.0
04000US19,Iowa,2010,2249700.0
04000US20,Kansas,2010,2019955.0
04000US21,Kentucky,2010,3238365.0
04000US22,Louisiana,2010,3323625.0
04000US23,Maine,2010,1038190.0
04000US24,Maryland,2010,4045435.0
04000US25,Massachusetts,2010,4698980.0
04000US26,Michigan,2010,7293125.0
04000US27,Minnesota,2010,3850635.0
04000US28,Mississippi,2010,2174110.0
04000US29,Missouri,2010,4445705.0
04000US30,Montana,2010,759475.0
04000US31,Nebraska,2010,1305335.0
04000US32,Nevada,2010,1764035.0
04000US33,New Hampshire,2010,1001685.0
04000US34,New Jersey,2010,5918655.0
04000US35,New Mexico,2010,1420960.0
04000US36,New York,2010,13204950.0
04000US37,North Carolina,2010,6826610.0
04000US38,North Dakota,2010,517100.0
04000US39,Ohio,2010,8613175.0
04000US40,Oklahoma,2010,2699980.0
04000US41,Oregon,2010,2763610.0
04000US42,Pennsylvania,2010,9590430.0
04000US72,Puerto Rico,2010,2760265.0
04000US44,Rhode Island,2010,766305.0
04000US45,South Carolina,2010,3417900.0
04000US46,South Dakota,2010,602610.0
04000US47,Tennessee,2010,4689695.0
04000US48,Texas,2010,15891110.0
04000US49,Utah,2010,1765345.0
04000US50,Vermont,2010,487805.0
04000US51,Virginia,2010,5732825.0
04000US53,Washington,2010,4737815.0
04000US54,West Virginia,2010,1451005.0
04000US55,Wisconsin,2010,4215825.0
04000US56,Wyoming,2010,417625.0
04000US01,Alabama,2011,3573935.0
04000US02,Alaska,2011,511675.0
04000US04,Arizona,2011,4363640.0
04000US05,Arkansas,2011,2140755.0
04000US06,California,2011,23460930.0
04000US08,Colorado,2011,3610875.0
04000US09,Connecticut,2011,2548580.0
04000US10,Delaware,2011,664535.0
04000US11,District of Columbia,2011,466325.0
04000US12,Florida,2011,13425465.0
04000US13,Georgia,2011,6785385.0
04000US15,Hawaii,2011,975455.0
04000US16,Idaho,2011,1102735.0
04000US17,Illinois,2011,8883985.0
04000US18,Indiana,2011,4741155.0
04000US19,Iowa,2011,2262520.0
04000US20,Kansas,2011,2030850.0
04000US21,Kentucky,2011,3259580.0
04000US22,Louisiana,2011,3356160.0
04000US23,Maine,2011,1041475.0
04000US24,Maryland,2011,4094715.0
04000US25,Massachusetts,2011,4748170.0
04000US26,Michigan,2011,7315785.0
04000US27,Minnesota,2011,3884870.0
04000US28,Mississippi,2011,2188485.0
04000US29,Missouri,2011,4476580.0
04000US30,Montana,2011,766855.0
04000US31,Nebraska,2011,1314620.0
04000US32,Nevada,2011,1797220.0
04000US33,New Hampshire,2011,1006990.0
04000US34,New Jersey,2011,5957090.0
04000US35,New Mexico,2011,1434950.0
04000US36,New York,2011,13313630.0
04000US37,North Carolina,2011,6923095.0
04000US38,North Dakota,2011,525675.0
04000US39,Ohio,2011,8648435.0
04000US40,Oklahoma,2011,2725750.0
04000US41,Oregon,2011,2796640.0
04000US42,Pennsylvania,2011,9639840.0
04000US72,Puerto Rico,2011,2757100.0
04000US44,Rhode Island,2011,769265.0
04000US45,South Carolina,2011,3467545.0
04000US46,South Dakota,2011,608885.0
04000US47,Tennessee,2011,4739585.0
04000US48,Texas,2011,16200040.0
04000US49,Utah,2011,1801290.0
04000US50,Vermont,2011,489825.0
04000US51,Virginia,2011,5810100.0
04000US53,Washington,2011,4801195.0
04000US54,West Virginia,2011,1455850.0
04000US55,Wisconsin,2011,4244795.0
04000US56,Wyoming,2011,423175.0
04000US01,Alabama,2012,3600135.0
04000US02,Alaska,2012,519015.0
04000US04,Arizona,2012,4444235.0
04000US05,Arkansas,2012,2152345.0
04000US06,California,2012,23881290.0
04000US08,Colorado,2012,3679120.0
04000US09,Connecticut,2012,2564235.0
04000US10,Delaware,2012,674335.0
04000US11,District of Columbia,2012,475400.0
04000US12,Florida,2012,13673535.0
04000US13,Georgia,2012,6882880.0
04000US15,Hawaii,2012,989250.0
04000US16,Idaho,2012,1116710.0
04000US17,Illinois,2012,8939895.0
04000US18,Indiana,2012,4773225.0
04000US19,Iowa,2012,2273765.0
04000US20,Kansas,2012,2043785.0
04000US21,Kentucky,2012,3281580.0
04000US22,Louisiana,2012,3385550.0
04000US23,Maine,2012,1044335.0
04000US24,Maryland,2012,4142450.0
04000US25,Massachusetts,2012,4799875.0
04000US26,Michigan,2012,7347660.0
04000US27,Minnesota,2012,3920515.0
04000US28,Mississippi,2012,2201530.0
04000US29,Missouri,2012,4503000.0
04000US30,Montana,2012,774020.0
04000US31,Nebraska,2012,1324465.0
04000US32,Nevada,2012,1830240.0
04000US33,New Hampshire,2012,1013650.0
04000US34,New Jersey,2012,6002840.0
04000US35,New Mexico,2012,1448020.0
04000US36,New York,2012,13425020.0
04000US37,North Carolina,2012,7015220.0
04000US38,North Dakota,2012,535555.0
04000US39,Ohio,2012,8678485.0
04000US40,Oklahoma,2012,2749195.0
04000US41,Oregon,2012,2830525.0
04000US42,Pennsylvania,2012,9676900.0
04000US72,Puerto Rico,2012,2747210.0
04000US44,Rhode Island,2012,773775.0
04000US45,South Carolina,2012,3515425.0
04000US46,South Dakota,2012,616015.0
04000US47,Tennessee,2012,4785580.0
04000US48,Texas,2012,16529535.0
04000US49,Utah,2012,1831260.0
04000US50,Vermont,2012,491550.0
04000US51,Virginia,2012,5877485.0
04000US53,Washington,2012,4866910.0
04000US54,West Virginia,2012,1456965.0
04000US55,Wisconsin,2012,4269770.0
04000US56,Wyoming,2012,427300.0
04000US01,Alabama,2013,3620995.0
04000US02,Alaska,2013,523945.0
04000US04,Arizona,2013,4526595.0
04000US05,Arkansas,2013,2164085.0
04000US06,California,2013,24280350.0
04000US08,Colorado,2013,3750955.0
04000US09,Connecticut,2013,2574180.0
04000US10,Delaware,2013,681605.0
04000US11,District of Columbia,2013,485115.0
04000US12,Florida,2013,13933050.0
04000US13,Georgia,2013,6978660.0
04000US15,Hawaii,2013,1001730.0
04000US16,Idaho,2013,1130550.0
04000US17,Illinois,2013,8980000.0
04000US18,Indiana,2013,4801115.0
04000US19,Iowa,2013,2285125.0
04000US20,Kansas,2013,2053920.0
04000US21,Kentucky,2013,3297110.0
04000US22,Louisiana,2013,3410635.0
04000US23,Maine,2013,1048275.0
04000US24,Maryland,2013,4182240.0
04000US25,Massachusetts,2013,4850600.0
04000US26,Michigan,2013,7380135.0
04000US27,Minnesota,2013,3950805.0
04000US28,Mississippi,2013,2210425.0
04000US29,Missouri,2013,4525035.0
04000US30,Montana,2013,781250.0
04000US31,Nebraska,2013,1333860.0
04000US32,Nevada,2013,1863800.0
04000US33,New Hampshire,2013,1020130.0
04000US34,New Jersey,2013,6053895.0
04000US35,New Mexico,2013,1457630.0
04000US36,New York,2013,13531405.0
04000US37,North Carolina,2013,7108000.0
04000US38,North Dakota,2013,546485.0
04000US39,Ohio,2013,8709050.0
04000US40,Oklahoma,2013,2768560.0
04000US41,Oregon,2013,2867670.0
04000US42,Pennsylvania,2013,9710415.0
04000US72,Puerto Rico,2013,2726225.0
04000US44,Rhode Island,2013,776565.0
04000US45,South Carolina,2013,3566510.0
04000US46,South Dakota,2013,621770.0
04000US47,Tennessee,2013,4828365.0
04000US48,Texas,2013,16864960.0
04000US49,Utah,2013,1868010.0
04000US50,Vermont,2013,493125.0
04000US51,Virginia,2013,5948625.0
04000US53,Washington,2013,4937210.0
04000US54,West Virginia,2013,1455850.0
04000US55,Wisconsin,2013,4294320.0
04000US56,Wyoming,2013,430025.0
04000US01,Alabama,2014,3639495.0
04000US02,Alaska,2014,527810.0
04000US04,Arizona,2014,4613575.0
04000US05,Arkansas,2014,2175340.0
04000US06,California,2014,24582605.0
04000US08,Colorado,2014,3824440.0
04000US09,Connecticut,2014,2582885.0
04000US10,Delaware,2014,689655.0
04000US11,District of Columbia,2014,494090.0
04000US12,Florida,2014,14195895.0
04000US13,Georgia,2014,7063805.0
04000US15,Hawaii,2014,1006725.0
04000US16,Idaho,2014,1148895.0
04000US17,Illinois,2014,9003480.0
04000US18,Indiana,2014,4824555.0
04000US19,Iowa,2014,2295040.0
04000US20,Kansas,2014,2061775.0
04000US21,Kentucky,2014,3313800.0
04000US22,Louisiana,2014,3432035.0
04000US23,Maine,2014,1051865.0
04000US24,Maryland,2014,4212265.0
04000US25,Massachusetts,2014,4887325.0
04000US26,Michigan,2014,7408625.0
04000US27,Minnesota,2014,3980475.0
04000US28,Mississippi,2014,2217765.0
04000US29,Missouri,2014,4547880.0
04000US30,Montana,2014,789500.0
04000US31,Nebraska,2014,1341015.0
04000US32,Nevada,2014,1902280.0
04000US33,New Hampshire,2014,1027630.0
04000US34,New Jersey,2014,6087275.0
04000US35,New Mexico,2014,1464240.0
04000US36,New York,2014,13605855.0
04000US37,North Carolina,2014,7203790.0
04000US38,North Dakota,2014,555690.0
04000US39,Ohio,2014,8734125.0
04000US40,Oklahoma,2014,2787655.0
04000US41,Oregon,2014,2911330.0
04000US42,Pennsylvania,2014,9725845.0
04000US72,Puerto Rico,2014,2712070.0
04000US44,Rhode Island,2014,780250.0
04000US45,South Carolina,2014,3620830.0
04000US46,South Dakota,2014,627070.0
04000US47,Tennessee,2014,4876605.0
04000US48,Texas,2014,17177625.0
04000US49,Utah,2014,1903495.0
04000US50,Vermont,2014,493535.0
04000US51,Virginia,2014,5998905.0
04000US53,Washington,2014,5008035.0
04000US54,West Virginia,2014,1453210.0
04000US55,Wisconsin,2014,4313305.0
04000US56,Wyoming,2014,432375.0
04000US01,Alabama,2015,3651915.0
04000US02,Alaska,2015,530555.0
04000US04,Arizona,2015,4690175.0
04000US05,Arkansas,2015,2183895.0
04000US06,California,2015,24970110.0
04000US08,Colorado,2015,3893360.0
04000US09,Connecticut,2015,2599795.0
04000US10,Delaware,2015,697330.0
04000US11,District of Columbia,2015,503110.0
04000US12,Florida,2015,14461395.0
04000US13,Georgia,2015,7155975.0
04000US15,Hawaii,2015,1016470.0
04000US16,Idaho,2015,1168165.0
04000US17,Illinois,2015,9043520.0
04000US18,Indiana,2015,4850325.0
04000US19,Iowa,2015,2302495.0
04000US20,Kansas,2015,2069335.0
04000US21,Kentucky,2015,3325140.0
04000US22,Louisiana,2015,3447640.0
04000US23,Maine,2015,1055130.0
04000US24,Maryland,2015,4248700.0
04000US25,Massachusetts,2015,4931670.0
04000US26,Michigan,2015,7435280.0
04000US27,Minnesota,2015,4010715.0
04000US28,Mississippi,2015,2220810.0
04000US29,Missouri,2015,4567240.0
04000US30,Montana,2015,794085.0
04000US31,Nebraska,2015,1350095.0
04000US32,Nevada,2015,1943710.0
04000US33,New Hampshire,2015,1034685.0
04000US34,New Jersey,2015,6142330.0
04000US35,New Mexico,2015,1471670.0
04000US36,New York,2015,13741920.0
04000US37,North Carolina,2015,7309765.0
04000US38,North Dakota,2015,560530.0
04000US39,Ohio,2015,8761635.0
04000US40,Oklahoma,2015,2802585.0
04000US41,Oregon,2015,2948765.0
04000US42,Pennsylvania,2015,9740190.0
04000US72,Puerto Rico,2015,2690455.0
04000US44,Rhode Island,2015,784490.0
04000US45,South Carolina,2015,3673580.0
04000US46,South Dakota,2015,629705.0
04000US47,Tennessee,2015,4916860.0
04000US48,Texas,2015,17512735.0
04000US49,Utah,2015,1942340.0
04000US50,Vermont,2015,493440.0
04000US51,Virginia,2015,6051620.0
04000US53,Washington,2015,5081380.0
04000US54,West Virginia,2015,1446500.0
04000US55,Wisconsin,2015,4328520.0
04000US56,Wyoming,2015,432815.0
04000US01,Alabama,2016,3671110.0
04000US02,Alaska,2016,530385.0
04000US04,Arizona,2016,4812765.0
04000US05,Arkansas,2016,2195870.0
04000US06,California,2016,25232635.0
04000US08,Colorado,2016,3979325.0
04000US09,Connecticut,2016,2600980.0
04000US10,Delaware,2016,704110.0
04000US11,District of Columbia,2016,511190.0
04000US12,Florida,2016,14724115.0
04000US13,Georgia,2016,7254695.0
04000US15,Hawaii,2016,1016555.0
04000US16,Idaho,2016,1192740.0
04000US17,Illinois,2016,9055185.0
04000US18,Indiana,2016,4876220.0
04000US19,Iowa,2016,2312665.0
04000US20,Kansas,2016,2077565.0
04000US21,Kentucky,2016,3338200.0
04000US22,Louisiana,2016,3452765.0
04000US23,Maine,2016,1059540.0
04000US24,Maryland,2016,4262390.0
04000US25,Massachusetts,2016,4964685.0
04000US26,Michigan,2016,7472670.0
04000US27,Minnesota,2016,4037295.0
04000US28,Mississippi,2016,2228660.0
04000US29,Missouri,2016,4585995.0
04000US30,Montana,2016,804265.0
04000US31,Nebraska,2016,1358785.0
04000US32,Nevada,2016,1973650.0
04000US33,New Hampshire,2016,1048200.0
04000US34,New Jersey,2016,6117615.0
04000US35,New Mexico,2016,1485490.0
04000US36,New York,2016,13686685.0
04000US37,North Carolina,2016,7413180.0
04000US38,North Dakota,2016,562630.0
04000US39,Ohio,2016,8797915.0
04000US40,Oklahoma,2016,2819170.0
04000US41,Oregon,2016,3002260.0
04000US42,Pennsylvania,2016,9748290.0
04000US72,Puerto Rico,2016,2653585.0
04000US44,Rhode Island,2016,789060.0
04000US45,South Carolina,2016,3731350.0
04000US46,South Dakota,2016,635405.0
04000US47,Tennessee,2016,4964910.0
04000US48,Texas,2016,17859495.0
04000US49,Utah,2016,1982910.0
04000US50,Vermont,2016,494675.0
04000US51,Virginia,2016,6096245.0
04000US53,Washington,2016,5173975.0
04000US54,West Virginia,2016,1442035.0
04000US55,Wisconsin,2016,4347415.0
04000US56,Wyoming,2016,432285.0
04000US01,Alabama,2017,3685075.0
04000US02,Alaska,2017,530995.0
04000US04,Arizona,2017,4920450.0
04000US05,Arkansas,2017,2207335.0
04000US06,California,2017,25494385.0
04000US08,Colorado,2017,4063875.0
04000US09,Connecticut,2017,2605410.0
04000US10,Delaware,2017,710280.0
04000US11,District of Columbia,2017,519265.0
04000US12,Florida,2017,14988415.0
04000US13,Georgia,2017,7356560.0
04000US15,Hawaii,2017,1018390.0
04000US16,Idaho,2017,1220310.0
04000US17,Illinois,2017,9049960.0
04000US18,Indiana,2017,4903145.0
04000US19,Iowa,2017,2321085.0
04000US20,Kansas,2017,2084735.0
04000US21,Kentucky,2017,3349115.0
04000US22,Louisiana,2017,3459490.0
04000US23,Maine,2017,1064670.0
04000US24,Maryland,2017,4280945.0
04000US25,Massachusetts,2017,4992535.0
04000US26,Michigan,2017,7495885.0
04000US27,Minnesota,2017,4069675.0
04000US28,Mississippi,2017,2232330.0
04000US29,Missouri,2017,4603770.0
04000US30,Montana,2017,812540.0
04000US31,Nebraska,2017,1366080.0
04000US32,Nevada,2017,2018930.0
04000US33,New Hampshire,2017,1055455.0
04000US34,New Jersey,2017,6132175.0
04000US35,New Mexico,2017,1496285.0
04000US36,New York,2017,13723455.0
04000US37,North Carolina,2017,7514970.0
04000US38,North Dakota,2017,564480.0
04000US39,Ohio,2017,8820895.0
04000US40,Oklahoma,2017,2837290.0
04000US41,Oregon,2017,3054025.0
04000US42,Pennsylvania,2017,9759725.0
04000US72,Puerto Rico,2017,2626420.0
04000US44,Rhode Island,2017,792920.0
04000US45,South Carolina,2017,3785355.0
04000US46,South Dakota,2017,639670.0
04000US47,Tennessee,2017,5019115.0
04000US48,Texas,2017,18181330.0
04000US49,Utah,2017,2029030.0
04000US50,Vermont,2017,495820.0
04000US51,Virginia,2017,6140255.0
04000US53,Washington,2017,5257900.0
04000US54,West Virginia,2017,1434260.0
04000US55,Wisconsin,2017,4366395.0
04000US56,Wyoming,2017,433355.0
04000US01,Alabama,2018,3729352.0
04000US02,Alaska,2018,545838.0
04000US04,Arizona,2018,4964947.0
04000US05,Arkansas,2018,2226653.0
04000US06,California,2018,25997426.0
04000US08,Colorado,2018,4113251.0
04000US09,Connecticut,2018,2636663.0
04000US10,Delaware,2018,722406.0
04000US11,District of Columbia,2018,530202.0
04000US12,Florida,2018,15184491.0
04000US13,Georgia,2018,7436768.0
04000US15,Hawaii,2018,1044233.0
04000US16,Idaho,2018,1225043.0
04000US17,Illinois,2018,9138533.0
04000US18,Indiana,2018,4938508.0
04000US19,Iowa,2018,2337615.0
04000US20,Kansas,2018,2101505.0
04000US21,Kentucky,2018,3379421.0
04000US22,Louisiana,2018,3516209.0
04000US23,Maine,2018,1068446.0
04000US24,Maryland,2018,4347841.0
04000US25,Massachusetts,2018,5048098.0
04000US26,Michigan,2018,7498457.0
04000US27,Minnesota,2018,4103967.0
04000US28,Mississippi,2018,2254469.0
04000US29,Missouri,2018,4639600.0
04000US30,Montana,2018,820446.0
04000US31,Nebraska,2018,1378684.0
04000US32,Nevada,2018,2051820.0
04000US33,New Hampshire,2018,1058226.0
04000US34,New Jersey,2018,6209845.0
04000US35,New Mexico,2018,1517325.0
04000US36,New York,2018,13882114.0
04000US37,North Carolina,2018,7620579.0
04000US38,North Dakota,2018,580817.0
04000US39,Ohio,2018,8848891.0
04000US40,Oklahoma,2018,2872126.0
04000US41,Oregon,2018,3072097.0
04000US42,Pennsylvania,2018,9844213.0
04000US72,Puerto Rico,2018,2624703.0
04000US44,Rhode Island,2018,794750.0
04000US45,South Carolina,2018,3835556.0
04000US46,South Dakota,2018,646276.0
04000US47,Tennessee,2018,5066175.0
04000US48,Texas,2018,18494709.0
04000US49,Utah,2018,2045675.0
04000US50,Vermont,2018,499059.0
04000US51,Virginia,2018,6242853.0
04000US53,Washington,2018,5306993.0
04000US54,West Virginia,2018,1451184.0
04000US55,Wisconsin,2018,4396760.0
04000US56,Wyoming,2018,444642.0
04000US01,Alabama,2019,3753738.0
04000US02,Alaska,2019,551440.0
04000US04,Arizona,2019,5049211.0
04000US05,Arkansas,2019,2239987.0
04000US06,California,2019,26361668.0
04000US08,Colorado,2019,4183896.0
04000US09,Connecticut,2019,2650807.0
04000US10,Delaware,2019,730899.0
04000US11,District of Columbia,2019,539494.0
04000US12,Florida,2019,15428060.0
04000US13,Georgia,2019,7529074.0
04000US15,Hawaii,2019,1054829.0
04000US16,Idaho,2019,1242369.0
04000US17,Illinois,2019,9176680.0
04000US18,Indiana,2019,4967296.0
04000US19,Iowa,2019,2348903.0
04000US20,Kansas,2019,2112081.0
04000US21,Kentucky,2019,3397471.0
04000US22,Louisiana,2019,3541302.0
04000US23,Maine,2019,1072485.0
04000US24,Maryland,2019,4385114.0
04000US25,Massachusetts,2019,5090318.0
04000US26,Michigan,2019,7520639.0
04000US27,Minnesota,2019,4135417.0
04000US28,Mississippi,2019,2264972.0
04000US29,Missouri,2019,4664010.0
04000US30,Montana,2019,828322.0
04000US31,Nebraska,2019,1388110.0
04000US32,Nevada,2019,2088386.0
04000US33,New Hampshire,2019,1065240.0
04000US34,New Jersey,2019,6245752.0
04000US35,New Mexico,2019,1530593.0
04000US36,New York,2019,13961870.0
04000US37,North Carolina,2019,7722435.0
04000US38,North Dakota,2019,588674.0
04000US39,Ohio,2019,8877447.0
04000US40,Oklahoma,2019,2894539.0
04000US41,Oregon,2019,3110519.0
04000US42,Pennsylvania,2019,9878628.0
04000US72,Puerto Rico,2019,2606649.0
04000US44,Rhode Island,2019,798160.0
04000US45,South Carolina,2019,3888457.0
04000US46,South Dakota,2019,651567.0
04000US47,Tennessee,2019,5113955.0
04000US48,Texas,2019,18819980.0
04000US49,Utah,2019,2079692.0
04000US50,Vermont,2019,500625.0
04000US51,Virginia,2019,6307746.0
04000US53,Washington,2019,5378490.0
04000US54,West Virginia,2019,1452182.0
04000US55,Wisconsin,2019,4419164.0
04000US56,Wyoming,2019,448512.0
04000US01,Alabama,2020,3778123.0
04000US02,Alaska,2020,557042.0
04000US04,Arizona,2020,5133475.0
04000US05,Arkansas,2020,2253321.0
04000US06,California,2020,26725909.0
04000US08,Colorado,2020,4254542.0
04000US09,Connecticut,2020,2664951.0
04000US10,Delaware,2020,739392.0
04000US11,District of Columbia,2020,548786.0
04000US12,Florida,2020,15671628.0
04000US13,Georgia,2020,7621380.0
04000US15,Hawaii,2020,1065425.0
04000US16,Idaho,2020,1259695.0
04000US17,Illinois,2020,9214827.0
04000US18,Indiana,2020,4996085.0
04000US19,Iowa,2020,2360192.0
04000US20,Kansas,2020,2122657.0
04000US21,Kentucky,2020,3415522.0
04000US22,Louisiana,2020,3566395.0
04000US23,Maine,2020,1076524.0
04000US24,Maryland,2020,4422387.0
04000US25,Massachusetts,2020,5132537.0
04000US26,Michigan,2020,7542821.0
04000US27,Minnesota,2020,4166867.0
04000US28,Mississippi,2020,2275475.0
04000US29,Missouri,2020,4688420.0
04000US30,Montana,2020,836198.0
04000US31,Nebraska,2020,1397537.0
04000US32,Nevada,2020,2124951.0
04000US33,New Hampshire,2020,1072255.0
04000US34,New Jersey,2020,6281660.0
04000US35,New Mexico,2020,1543862.0
04000US36,New York,2020,14041625.0
04000US37,North Carolina,2020,7824291.0
04000US38,North Dakota,2020,596531.0
04000US39,Ohio,2020,8906003.0
04000US40,Oklahoma,2020,2916951.0
04000US41,Oregon,2020,3148941.0
04000US42,Pennsylvania,2020,9913043.0
04000US72,Puerto Rico,2020,2588595.0
04000US44,Rhode Island,2020,801569.0
04000US45,South Carolina,2020,3941358.0
04000US46,South Dakota,2020,656858.0
04000US47,Tennessee,2020,5161734.0
04000US48,Texas,2020,19145252.0
04000US49,Utah,2020,2113708.0
04000US50,Vermont,2020,502192.0
04000US51,Virginia,2020,6372639.0
04000US53,Washington,2020,5449988.0
04000US54,West Virginia,2020,1453180.0
04000US55,Wisconsin,2020,4441569.0
04000US56,Wyoming,2020,452381.0
04000US01,Alabama,2021,3802509.0
04000US02,Alaska,2021,562645.0
04000US04,Arizona,2021,5217739.0
04000US05,Arkansas,2021,2266655.0
04000US06,California,2021,27090150.0
04000US08,Colorado,2021,4325187.0
04000US09,Connecticut,2021,2679095.0
04000US10,Delaware,2021,747884.0
04000US11,District of Columbia,2021,558078.0
04000US12,Florida,2021,15915196.0
04000US13,Georgia,2021,7713686.0
04000US15,Hawaii,2021,1076022.0
04000US16,Idaho,2021,1277020.0
04000US17,Illinois,2021,9252974.0
04000US18,Indiana,2021,5024873.0
04000US19,Iowa,2021,2371480.0
04000US20,Kansas,2021,2133233.0
04000US21,Kentucky,2021,3433572.0
04000US22,Louisiana,2021,3591487.0
04000US23,Maine,2021,1080563.0
04000US24,Maryland,2021,4459660.0
04000US25,Massachusetts,2021,5174757.0
04000US26,Michigan,2021,7565002.0
04000US27,Minnesota,2021,4198317.0
04000US28,Mississippi,2021,2285978.0
04000US29,Missouri,2021,4712829.0
04000US30,Montana,2021,844074.0
04000US31,Nebraska,2021,1406964.0
04000US32,Nevada,2021,2161516.0
04000US33,New Hampshire,2021,1079270.0
04000US34,New Jersey,2021,6317567.0
04000US35,New Mexico,2021,1557131.0
04000US36,New York,2021,14121381.0
04000US37,North Carolina,2021,7926147.0
04000US38,North Dakota,2021,604388.0
04000US39,Ohio,2021,8934559.0
04000US40,Oklahoma,2021,2939363.0
04000US41,Oregon,2021,3187364.0
04000US42,Pennsylvania,2021,9947458.0
04000US72,Puerto Rico,2021,2570541.0
04000US44,Rhode Island,2021,804979.0
04000US45,South Carolina,2021,3994259.0
04000US46,South Dakota,2021,662149.0
04000US47,Tennessee,2021,5209514.0
04000US48,Texas,2021,19470523.0
04000US49,Utah,2021,2147725.0
04000US50,Vermont,2021,503758.0
04000US51,Virginia,2021,6437532.0
04000US53,Washington,2021,5521485.0
04000US54,West Virginia,2021,1454178.0
04000US55,Wisconsin,2021,4463973.0
04000US56,Wyoming,2021,456251.0
